<?xml version="1.0" encoding="UTF-8"?>
<project-private xmlns="http://www.netbeans.org/ns/project-private/1">
    <editor-bookmarks xmlns="http://www.netbeans.org/ns/editor-bookmarks/2" lastBookmarkId="0"/>
    <open-files xmlns="http://www.netbeans.org/ns/projectui-open-files/2">
        <group>
            <file>file:/C:/Users/erpne/Documents/!Univ%20of%20Houston/!FA%202018/Sudoku_GA3/src/sudoku_ga3/Sudoku_GA3.java</file>
            <file>file:/C:/Users/erpne/Documents/!Univ%20of%20Houston/!FA%202018/Sudoku_GA3/src/sudoku_ga3/CheckVal.java</file>
            <file>file:/C:/Users/erpne/Documents/!Univ%20of%20Houston/!FA%202018/Sudoku_GA3/src/sudoku_ga3/ReadingInput.java</file>
        </group>
    </open-files>
</project-private>
